n_reviews,left_mean,right_mean,mean_difference,ci_95_low,ci_95_high,improved,tied,worsened,comparison,left,right,metric
51,0.8587457205104263,0.8971677559912855,0.03842203548085901,0.014705882352941178,0.06688453159041394,8,43,0,Breadth 2 to 4,hybrid_b2_d1,hybrid_b4_d1,union_recall
51,0.7412075941487707,0.7725645813881108,0.03135698723934018,-0.019531979458450054,0.0896358543417367,6,43,2,Breadth 2 to 4,hybrid_b2_d1,hybrid_b4_d1,rrf_recall_at_100
51,0.8971677559912855,0.9331465919701213,0.03597883597883598,-0.008839091192032371,0.09803921568627451,3,46,2,Breadth 4 to 6,hybrid_b4_d1,hybrid_b6_d1,union_recall
51,0.7725645813881108,0.7295829442888265,-0.04298163709928416,-0.10964830376595082,0.010986616868969809,2,44,5,Breadth 4 to 6,hybrid_b4_d1,hybrid_b6_d1,rrf_recall_at_100
51,0.8971677559912855,0.942483660130719,0.04531590413943356,0.002178649237472766,0.10588235294117648,4,46,1,Depth 1 to 2 at breadth 4,hybrid_b4_d1,hybrid_b4_d2,union_recall
51,0.7725645813881108,0.749035169623405,-0.023529411764705885,-0.0954248366013072,0.04183006535947712,2,45,4,Depth 1 to 2 at breadth 4,hybrid_b4_d1,hybrid_b4_d2,rrf_recall_at_100
51,0.9331465919701213,0.957983193277311,0.02483660130718954,-0.014379084967320262,0.07387254901960762,5,45,1,Depth 1 to 2 at breadth 6,hybrid_b6_d1,hybrid_b6_d2,union_recall
51,0.7295829442888265,0.7958488951136011,0.06626595082477435,0.005153672580143172,0.14036998132586365,7,41,3,Depth 1 to 2 at breadth 6,hybrid_b6_d1,hybrid_b6_d2,rrf_recall_at_100
51,0.8971677559912855,0.9085278555866791,0.01136009959539371,-0.016028633675692506,0.056022408963585436,1,47,3,Hybrid to retrieval text,hybrid_b4_d1,retrieval_text_b4_d1,union_recall
51,0.7725645813881108,0.7730975723622783,0.000532990974167444,-0.04293106131341425,0.043044370525988175,4,42,5,Hybrid to retrieval text,hybrid_b4_d1,retrieval_text_b4_d1,rrf_recall_at_100
51,0.8971677559912855,0.8767195767195768,-0.020448179271708684,-0.08776921879863057,0.05540382819794578,2,40,9,Hybrid to structured,hybrid_b4_d1,structured_b4_d1,union_recall
51,0.7725645813881108,0.6134516627163686,-0.1591129186717422,-0.2487740234982882,-0.0792400988173047,2,33,16,Hybrid to structured,hybrid_b4_d1,structured_b4_d1,rrf_recall_at_100
51,0.8767195767195768,0.9085278555866791,0.03180827886710239,-0.026579520697167756,0.08563180827886696,7,43,1,Structured to retrieval text,structured_b4_d1,retrieval_text_b4_d1,union_recall
51,0.6134516627163686,0.7730975723622783,0.15964590964590966,0.07193627450980393,0.2542289137877372,15,34,2,Structured to retrieval text,structured_b4_d1,retrieval_text_b4_d1,rrf_recall_at_100
