subject_model,category,n_reviews,mean_alignment,mean_conflict_rate
Fleming-R1-7B,benefit,23,0.5,0.06521739130434782
Fleming-R1-7B,certainty,30,0.05,0.38333333333333336
Fleming-R1-7B,comparison,42,0.16666666666666666,0.5396825396825398
Fleming-R1-7B,conclusion,51,0.18627450980392157,0.8627450980392157
Fleming-R1-7B,harm,35,0.5,0.37142857142857144
Fleming-R1-7B,limitation,23,0.10869565217391304,0.30434782608695654
Qwen3-8B,benefit,23,0.4782608695652174,0.043478260869565216
Qwen3-8B,certainty,30,0.016666666666666666,0.11666666666666667
Qwen3-8B,comparison,42,0.12301587301587302,0.373015873015873
Qwen3-8B,conclusion,51,0.2549019607843137,0.7058823529411765
Qwen3-8B,harm,35,0.17142857142857143,0.24285714285714285
Qwen3-8B,limitation,23,0.043478260869565216,0.21739130434782608
