pmid,nct_id,best_rank_before,best_rank_after,top30_change
31942751,NCT00951808,1,1.0,Retained in top 30
31981369,NCT01951274,12,6.0,Retained in top 30
31986231,NCT00565357,1,1.0,Retained in top 30
32065663,NCT02767232,20,31.0,Demoted from top 30
32065663,NCT03894904,6,4.0,Retained in top 30
32101639,NCT01646333,2,1.0,Retained in top 30
32101639,NCT01647698,1,11.0,Retained in top 30
32101639,NCT02225314,5,2.0,Retained in top 30
32101639,NCT02525367,36,15.0,Promoted into top 30
32101639,NCT02920632,6,3.0,Retained in top 30
32101639,NCT03285347,2,1.0,Retained in top 30
32101639,NCT03582670,12,2.0,Retained in top 30
32163181,NCT03783559,6,1.0,Retained in top 30
32352563,NCT00001518,3,2.0,Retained in top 30
32352563,NCT01343680,1,1.0,Retained in top 30
32352563,NCT02354118,6,3.0,Retained in top 30
32352563,NCT02923830,4,3.0,Retained in top 30
32358807,NCT00117208,1,1.0,Retained in top 30
32358807,NCT00446680,1,1.0,Retained in top 30
32358807,NCT00455130,1,2.0,Retained in top 30
32358807,NCT00630812,4,4.0,Retained in top 30
32358807,NCT01883531,1,1.0,Retained in top 30
32358807,NCT02134353,2,2.0,Retained in top 30
32520436,NCT00153634,1,1.0,Retained in top 30
32520436,NCT00786513,1,1.0,Retained in top 30
32700772,NCT01174810,5,8.0,Retained in top 30
32700772,NCT01971242,2,2.0,Retained in top 30
32716555,NCT00000592,3,1.0,Retained in top 30
32716555,NCT00006182,1,1.0,Retained in top 30
32716555,NCT00072761,3,2.0,Retained in top 30
32716555,NCT00122980,8,2.0,Retained in top 30
32716555,NCT01425307,2,1.0,Retained in top 30
33058158,NCT00072046,23,38.0,Demoted from top 30
33058158,NCT00334282,167,37.0,Outside top 30 in both
33058158,NCT00631371,2,5.0,Retained in top 30
33058158,NCT01265901,16,inf,Demoted from top 30
33058158,NCT01613846,47,inf,Outside top 30 in both
33058158,NCT02231749,126,4.0,Promoted into top 30
33058158,NCT02684006,38,1.0,Promoted into top 30
33126293,NCT01231139,2,8.0,Retained in top 30
33331670,NCT00429936,1,1.0,Retained in top 30
33331670,NCT01002950,9,6.0,Retained in top 30
33331670,NCT01802866,2,1.0,Retained in top 30
33469915,NCT00407394,1,2.0,Retained in top 30
33469915,NCT00851487,1,1.0,Retained in top 30
33469915,NCT02760420,17,4.0,Retained in top 30
33734435,NCT02735707,64,87.0,Outside top 30 in both
33734435,NCT04320615,68,9.0,Promoted into top 30
33734435,NCT04327388,20,7.0,Retained in top 30
33734435,NCT04331808,33,4.0,Promoted into top 30
33734435,NCT04346355,22,28.0,Retained in top 30
33734435,NCT04356937,12,2.0,Retained in top 30
33734435,NCT04372186,46,7.0,Promoted into top 30
33734435,NCT04381936,34,37.0,Outside top 30 in both
33734435,NCT04403685,25,6.0,Retained in top 30
33734435,NCT04479358,4,1.0,Retained in top 30
33760235,NCT00902629,7,2.0,Retained in top 30
33908631,NCT02087527,1,1.0,Retained in top 30
33973648,NCT00001848,1,1.0,Retained in top 30
33998668,NCT04185766,1,1.0,Retained in top 30
33998668,NCT04353713,1,1.0,Retained in top 30
34029377,NCT04449718,12,1.0,Retained in top 30
34029377,NCT04459247,1,1.0,Retained in top 30
34107053,NCT00560703,2,1.0,Retained in top 30
34107053,NCT03953118,37,1.0,Promoted into top 30
34131914,NCT00770783,7,6.0,Retained in top 30
34131914,NCT01318018,2,1.0,Retained in top 30
34131914,NCT03191058,5,1.0,Retained in top 30
34184757,NCT02509481,4,4.0,Retained in top 30
34231914,NCT00271219,6,4.0,Retained in top 30
34231914,NCT00521248,1,1.0,Retained in top 30
34231914,NCT01452789,2,1.0,Retained in top 30
34231914,NCT01671410,3,2.0,Retained in top 30
34231914,NCT01708707,2,2.0,Retained in top 30
34231914,NCT01723722,7,5.0,Retained in top 30
34231914,NCT01734551,9,9.0,Retained in top 30
34231914,NCT01804075,5,2.0,Retained in top 30
34231914,NCT01958476,1,2.0,Retained in top 30
34231914,NCT02810782,12,11.0,Retained in top 30
34231914,NCT02851303,2,1.0,Retained in top 30
34231914,NCT03092011,17,1.0,Retained in top 30
34231914,NCT04104646,48,10.0,Promoted into top 30
34231914,NCT04214834,27,4.0,Retained in top 30
34231914,NCT04298853,8,6.0,Retained in top 30
34231914,NCT04455802,4,3.0,Retained in top 30
34286511,NCT00333827,9,13.0,Retained in top 30
34286511,NCT00629018,2,2.0,Retained in top 30
34286511,NCT00743639,13,5.0,Retained in top 30
34286511,NCT00765518,22,4.0,Retained in top 30
34286511,NCT01020968,7,6.0,Retained in top 30
34286511,NCT01302171,2,1.0,Retained in top 30
34286511,NCT01350310,1,1.0,Retained in top 30
34286511,NCT01392625,6,6.0,Retained in top 30
34286511,NCT01957826,9,2.0,Retained in top 30
34286511,NCT02033278,10,3.0,Retained in top 30
34286511,NCT02248532,7,7.0,Retained in top 30
34286511,NCT02293603,14,6.0,Retained in top 30
34286511,NCT03797092,9,7.0,Retained in top 30
34291812,NCT04484493,4,2.0,Retained in top 30
34420204,NCT01450137,1,1.0,Retained in top 30
34420204,NCT01791153,8,1.0,Retained in top 30
34473343,NCT04381936,32,21.0,Promoted into top 30
34473343,NCT04425629,16,6.0,Retained in top 30
34473343,NCT04427501,135,11.0,Promoted into top 30
34473343,NCT04501978,20,42.0,Demoted from top 30
34473343,NCT04602000,111,8.0,Promoted into top 30
34473343,NCT04952805,12,3.0,Retained in top 30
34533215,NCT03370653,8,2.0,Retained in top 30
34550603,NCT00787917,1,1.0,Retained in top 30
34618915,NCT00473187,7,1.0,Retained in top 30
34618915,NCT02720770,28,1.0,Retained in top 30
34628642,NCT02893358,1,1.0,Retained in top 30
34882307,NCT01685827,1,1.0,Retained in top 30
34889457,NCT01059565,4,1.0,Retained in top 30
35285519,NCT00175825,3,2.0,Retained in top 30
35285519,NCT00175929,1,1.0,Retained in top 30
35285519,NCT00464269,7,3.0,Retained in top 30
35285519,NCT00490035,10,3.0,Retained in top 30
35285519,NCT00504881,9,5.0,Retained in top 30
35285519,NCT01261325,1,1.0,Retained in top 30
35470864,NCT00630838,1,1.0,Retained in top 30
35470864,NCT01934959,1,1.0,Retained in top 30
35560150,NCT01450137,1,1.0,Retained in top 30
35560150,NCT01791153,5,1.0,Retained in top 30
35731672,NCT00609050,7,2.0,Retained in top 30
35731672,NCT00792194,35,5.0,Promoted into top 30
35731672,NCT03273959,16,10.0,Retained in top 30
35731672,NCT03295201,5,18.0,Retained in top 30
35771590,NCT00152425,9,2.0,Retained in top 30
35904231,NCT00114530,134,1.0,Promoted into top 30
35904231,NCT00278525,6,1.0,Retained in top 30
35904231,NCT01445821,1,1.0,Retained in top 30
36047926,NCT00000586,2,1.0,Retained in top 30
36047926,NCT00006400,1,1.0,Retained in top 30
36047926,NCT00122980,6,3.0,Retained in top 30
36047926,NCT00532883,4,23.0,Retained in top 30
36047926,NCT01389024,9,1.0,Retained in top 30
36047926,NCT01425307,2,1.0,Retained in top 30
36047926,NCT01531387,5,2.0,Retained in top 30
36047926,NCT01976416,3,15.0,Retained in top 30
36126225,NCT04960202,24,4.0,Retained in top 30
36194420,NCT00066053,143,5.0,Promoted into top 30
36194420,NCT01046435,1,1.0,Retained in top 30
36398614,NCT00000130,1,1.0,Retained in top 30
36732291,NCT03311243,49,7.0,Promoted into top 30
37057835,NCT00850551,3,1.0,Retained in top 30
37057835,NCT01104402,4,2.0,Retained in top 30
37057835,NCT02122289,4,4.0,Retained in top 30
37057837,NCT00291330,138,5.0,Promoted into top 30
37057837,NCT00439777,62,2.0,Promoted into top 30
37057837,NCT00643201,153,7.0,Promoted into top 30
37057837,NCT00680186,46,3.0,Promoted into top 30
37057837,NCT00986154,5,9.0,Retained in top 30
37057837,NCT01516814,3,1.0,Retained in top 30
37057837,NCT02584660,3,4.0,Retained in top 30
37057837,NCT03045406,132,inf,Outside top 30 in both
