path,source,bytes,sha256
results/retrieval/tables/run_summary_common_reviews.csv,outputs/evaluation/retrieval/run_summary_common_reviews.csv,2891,96a5ab59054aa54e40c7b00ea419edb955d061f6322eb4c5dfba7222fefcd46a
results/retrieval/tables/field_set_summary_common_reviews.csv,outputs/evaluation/retrieval/field_set_summary_common_reviews.csv,1565,45ecd6c58c042689f9a34deb3ed8dbcf68f81d193072e144f0ea5f089a9145cd
results/retrieval/tables/paired_comparisons.csv,outputs/evaluation/retrieval/paired_comparisons.csv,2597,64e854ee878119630b080673f3b741a468874846e6c52597d23b07d3cf9f492d
results/retrieval/tables/depth_contribution.csv,outputs/evaluation/retrieval/depth_contribution.csv,174,dc1d127c8b42cc3bb1e407ef63677d2dd0287d723c33d19baf7d0fe76fbe120b
results/retrieval/tables/field_recovery_patterns.csv,outputs/evaluation/retrieval/field_recovery_patterns.csv,300,108058d42761bd74c7bd9603e029d9bd1c49662cc4439c17231b03ad04249332
results/retrieval/figures/breadth_recall_and_cost.pdf,outputs/evaluation/retrieval/breadth_recall_and_cost.pdf,16496,1dd91615b6c0f0aeda3a9da754ae0e5b992c75cc63c6341fb3b0715f4bd9a464
results/retrieval/figures/breadth_recall_and_cost.png,outputs/evaluation/retrieval/breadth_recall_and_cost.png,104749,4cadd1b42136a03ec0135ed9a26c5827070eddc889dd351de9dffa44eea87b00
results/retrieval/figures/coverage_cost_tradeoff.pdf,outputs/evaluation/retrieval/coverage_cost_tradeoff.pdf,16565,1f00ae50215611a5c349728a55a69c211a04e16abc79159a2c41033b9838ba80
results/retrieval/figures/coverage_cost_tradeoff.png,outputs/evaluation/retrieval/coverage_cost_tradeoff.png,100907,ab05d5b8758e960ee12b4b289920f0383dd7686d25ece10f0d928d11c57affeb
results/retrieval/figures/rrf_recall_at_k.pdf,outputs/evaluation/retrieval/rrf_recall_at_k.pdf,18951,5ea5f24b3e68e0289b5c3d2e0c349c99573ebd3243d9d96034d5b229a73d1603
results/retrieval/figures/rrf_recall_at_k.png,outputs/evaluation/retrieval/rrf_recall_at_k.png,149538,802d823e932e57237f9dde874e6bde703fd048f7d82d4f497644fe1203d6c2f2
results/retrieval/figures/field_set_recall_comparison.pdf,outputs/evaluation/retrieval/field_set_recall_comparison.pdf,15593,82ad26874af94afceedee3dd9676e3902959b4bc4aa6e86556a78e5e45773bd7
results/retrieval/figures/field_set_recall_comparison.png,outputs/evaluation/retrieval/field_set_recall_comparison.png,68745,2882f441ec3da0dc7eefd3860a747d53b605438b646a3f6d2df043512be347a8
results/retrieval/figures/field_set_rrf_recall_at_k.pdf,outputs/evaluation/retrieval/field_set_rrf_recall_at_k.pdf,18137,e767ee1e1aa3679038d61c96c31994024643a5d06dfcfd53bf7416dd4a31e560
results/retrieval/figures/field_set_rrf_recall_at_k.png,outputs/evaluation/retrieval/field_set_rrf_recall_at_k.png,114062,10d99761cbf581b960d47ef3a926ee62093eac70e1df520fa7ce7c4932c8ff0b
results/retrieval/figures/field_gt_recovery_patterns.pdf,outputs/evaluation/retrieval/field_gt_recovery_patterns.pdf,15117,b3338401ac76e948338785ef112c59437ea2285637c37fd3691845bd7ada6b3f
results/retrieval/figures/field_gt_recovery_patterns.png,outputs/evaluation/retrieval/field_gt_recovery_patterns.png,107526,26d6c0236469787cea8be6cd4803bc1c9f8f447b9c34cb11d9f6b3f5cfb9867b
results/context/tables/summary_complete_common_reviews.csv,outputs/evaluation/context/summary_complete_common_reviews.csv,6503,da2840036fb24374f49d62683101d4f7c2a4f810d7c7b30522b97e78819acd8a
results/context/tables/paired_context_comparisons.csv,outputs/evaluation/context/paired_context_comparisons.csv,8736,f7cb7daf155ef090cbe15993e9358795e85ed94231bd2018a51381e630de8a72
results/context/tables/a3_reranker_ordering_summary.csv,outputs/evaluation/context/a3_reranker_ordering_summary.csv,916,6f40ef52189fb41ec1de963965e0e31db82abaf63dafa09b984c165c56a96da6
results/context/tables/a3_reranker_top30_pair_transitions.csv,outputs/evaluation/context/a3_reranker_top30_pair_transitions.csv,7372,16ca2c30921d82edd2eec39f2620149bbcfcea341d39c7eb148484b71416deaf
results/context/tables/a3_chunk_packed_vs_a4_trial_blocks.csv,outputs/evaluation/context/a3_chunk_packed_vs_a4_trial_blocks.csv,468,215842d2359b2b09380c906fd6c0ab9e7e96ea0a2a0a6c600aed90803061b947
results/context/tables/counterfactual_chunk_repacking_summary.csv,outputs/evaluation/context/counterfactual_chunk_repacking_summary.csv,2742,2befcb2903286418ba6ab21f348486c2aab198731d86d55a1d37e709bcf7fc57
results/context/figures/context_evidence_recall_funnel_selected.pdf,outputs/evaluation/context/context_evidence_recall_funnel_selected.pdf,16782,88fbd289d7c049a9e33bf3764216b0d96f47463a2cc219e18d668cffe30727ab
results/context/figures/context_evidence_recall_funnel_selected.png,outputs/evaluation/context/context_evidence_recall_funnel_selected.png,128345,c51eb239486ad07013968665b695fbd68e56cafdfab701bdf0462a5310d10225
results/context/figures/final_context_component_recall_selected.pdf,outputs/evaluation/context/final_context_component_recall_selected.pdf,15925,719111bdcd6670880598d19e6ec41829b56c7a9c26c6c1def4211f10951e7dff
results/context/figures/final_context_component_recall_selected.png,outputs/evaluation/context/final_context_component_recall_selected.png,97524,31fb0f4132170755f5caf476ff0b2d68f3b0898cc880a78e44dd16462cbdaac7
results/context/figures/a3_reranker_ordering_recall_at_k.pdf,outputs/evaluation/context/a3_reranker_ordering_recall_at_k.pdf,16114,090de4217556fc6d48d79b57cf35df37697c26d6593eb6ce14a33ec1f2ddbe4c
results/context/figures/a3_reranker_ordering_recall_at_k.png,outputs/evaluation/context/a3_reranker_ordering_recall_at_k.png,101565,6158e04d2d22ed3e2f94c38044c74a1a8ac0ca68add07a192302995213b4a148
results/context/figures/a3_chunk_packed_vs_a4_trial_blocks.pdf,outputs/evaluation/context/a3_chunk_packed_vs_a4_trial_blocks.pdf,15741,43e93430c20414efe083fc6d7a7e198e8c422ce04e3a2feafdd44c58b8fe8c26
results/context/figures/a3_chunk_packed_vs_a4_trial_blocks.png,outputs/evaluation/context/a3_chunk_packed_vs_a4_trial_blocks.png,89163,99132539c13e5a77d4b5d88c52b2f53211404e7e86577602246d1667f3d7affa
results/context/figures/counterfactual_chunk_repacking_recall_complete_runs.pdf,outputs/evaluation/context/counterfactual_chunk_repacking_recall_complete_runs.pdf,16101,4d809fdd8c353202c71d13e3af8e3dfb5294e864e68d5508e64db6818826725f
results/context/figures/counterfactual_chunk_repacking_recall_complete_runs.png,outputs/evaluation/context/counterfactual_chunk_repacking_recall_complete_runs.png,104351,2178c1c5c05d0fa6e2f7946f544c2fce4f6fb72f15b6a57dcdeb6692d0b89886
results/reports/deterministic/deterministic_metrics_macro.csv,outputs/evaluation/deterministic/deterministic_metrics_macro.csv,1625,c76f5a6971828108fbfb8fe106d0efa820fd30febdec539b887a3f1616e63ead
results/reports/deterministic/deterministic_metrics_micro.csv,outputs/evaluation/deterministic/deterministic_metrics_micro.csv,903,49ab4d2f03a7c914924eebfc6c708750b9475163c7e8248e0312c136f2aa0f94
results/reports/deterministic/citation_status_summary.csv,outputs/evaluation/deterministic/citation_status_summary.csv,937,5ee1601ea0ba90448bcbb3f1d4b43a3f370b4903b7e999a5391b9dfd53aaa378
results/reports/deterministic/report_completion.csv,outputs/evaluation/deterministic/report_completion.csv,252,e7f2baa6e6b81d7a4115e9d372059d34e3c442a913341ab3bf2dba5b668eac3c
results/reports/deterministic/report_level_citation_coverage.pdf,outputs/evaluation/deterministic/figures/report_level_citation_coverage.pdf,14545,c3a5cf69392e7b76d51f453dcb80c0c7f6606edb844b6a0074472a0c6471d6dd
results/reports/deterministic/citation_status_composition.pdf,outputs/evaluation/deterministic/figures/citation_status_composition.pdf,17151,3dcd66f6d981a14998ebb4b1816fdc6b7633b8114efe647ffa49844488cbe621
results/reports/alignment/tables/primary_metrics_development.csv,outputs/evaluation/report_alignment/analysis/tables/primary_metrics_development.csv,804,d314f3ebc77fe981323c8d42b1a13d813a5ed29649f0413d0ea3ec395906cd5a
results/reports/alignment/tables/keypoint_status_development.csv,outputs/evaluation/report_alignment/analysis/tables/keypoint_status_development.csv,397,fab44e05ccd863e9efce0e4cc3ee043d9af2de318f0ce715d27e8efa75f8deb2
results/reports/alignment/tables/alignment_by_category_development.csv,outputs/evaluation/report_alignment/analysis/tables/alignment_by_category_development.csv,782,9e06729678006f835b4eaa14f51f727e0ec8b6d02ef5a6966672e98019d9ecbe
results/reports/alignment/tables/alignment_by_importance_development.csv,outputs/evaluation/report_alignment/analysis/tables/alignment_by_importance_development.csv,315,1f34d7d2f9e10023b31155eaaa5de8c1a16617a451b6324fee1e69ae690cfd54
results/reports/alignment/tables/question_relevance_development.csv,outputs/evaluation/report_alignment/analysis/tables/question_relevance_development.csv,265,cadb15f0c99779283d97eb2f78f6c0e40eb690159feec2c4506517b6115f9cb3
results/reports/alignment/tables/conclusion_alignment_development.csv,outputs/evaluation/report_alignment/analysis/tables/conclusion_alignment_development.csv,403,7b8182695c70590b3c24c284fff05f46e53abd4903a629bd45f82812d0673db5
results/reports/alignment/tables/uncertainty_alignment_development.csv,outputs/evaluation/report_alignment/analysis/tables/uncertainty_alignment_development.csv,432,861bc641dc1d78803b7019efd11d1aed1ea0978fcea36a00f7944472e2f193bc
results/reports/alignment/tables/paired_differences_development.csv,outputs/evaluation/report_alignment/analysis/tables/paired_differences_development.csv,646,a2ec1f33420ecff140435677d868293ec2846f93cb74fc17061371644778229b
results/reports/alignment/figures/primary_metrics_development.pdf,outputs/evaluation/report_alignment/analysis/figures/primary_metrics_development.pdf,24421,42976e8772113d273888ab8525a53276ffba3961329ea07f5e670d42d0c5ee9a
results/reports/alignment/figures/primary_metrics_development.png,outputs/evaluation/report_alignment/analysis/figures/primary_metrics_development.png,89554,c782821422a86357aa6d12b511efb034ff71706ea69fca31aee9ea02ee314483
results/reports/alignment/figures/keypoint_status_development.pdf,outputs/evaluation/report_alignment/analysis/figures/keypoint_status_development.pdf,24408,825301b5ae279edc7314a9ab351deb6dc6495b25222507748fca15d25e699e54
results/reports/alignment/figures/keypoint_status_development.png,outputs/evaluation/report_alignment/analysis/figures/keypoint_status_development.png,82550,ef60596bde5d06b6dfd0efb4b4e5e78eee4dbab1abb21bf5e95f131ce5d51095
results/reports/alignment/figures/alignment_by_category_development.pdf,outputs/evaluation/report_alignment/analysis/figures/alignment_by_category_development.pdf,22554,a6df472ea0521aedc663d95b18505631a2dd498ede86f3cc357614d3582285f1
results/reports/alignment/figures/alignment_by_category_development.png,outputs/evaluation/report_alignment/analysis/figures/alignment_by_category_development.png,81039,dbe5e7ba184e404c8ad225b6587573a704c2948b00a827590bab2e2ff2b9314e
results/reports/alignment/figures/categorical_outcomes_development.pdf,outputs/evaluation/report_alignment/analysis/figures/categorical_outcomes_development.pdf,27324,52300e2004d159a52f07aed410020d1520a2fcfc13cb96b3c60d1292e7ac1c90
results/reports/alignment/figures/categorical_outcomes_development.png,outputs/evaluation/report_alignment/analysis/figures/categorical_outcomes_development.png,110069,c7c012bfe5b1f16290e8458b19da7212afb803b02e5c261b9d4722d3672e12e6
results/reports/diagnostics/three_condition_semantic_summary.csv,outputs/evaluation/report_alignment/three_condition_analysis/three_condition_semantic_summary.csv,1242,b970cd830a7ab85c3651246d755a64602d290ca2cce5900b6ec7664644e71ea1
results/reports/diagnostics/three_condition_keypoint_status.csv,outputs/evaluation/report_alignment/three_condition_analysis/three_condition_keypoint_status.csv,651,ee3005e3502d934e14b7deb4047946b59401afc005c48608e4217a66037d74ef
results/reports/diagnostics/report_alignment_diagnostic_conditions.pdf,outputs/evaluation/report_alignment/three_condition_analysis/report_alignment_diagnostic_conditions.pdf,32818,a59ab135e2f6bea0f42475d496ab7d8450dcf123fbde98d0907575b831ee13d2
results/reports/diagnostics/report_alignment_diagnostic_conditions.png,outputs/evaluation/report_alignment/three_condition_analysis/report_alignment_diagnostic_conditions.png,291334,732b42b0944a6ad866b45652fb0145d8163e983fc10500c79e37d8aa10eefe0b
results/reports/diagnostics/report_alignment_categorical_outcomes.pdf,outputs/evaluation/report_alignment/three_condition_analysis/report_alignment_categorical_outcomes.pdf,32020,d63ba7b44291adc67c7890a7461205e35e5dd9c058ba8b336687abe341886df6
results/reports/diagnostics/report_alignment_categorical_outcomes.png,outputs/evaluation/report_alignment/three_condition_analysis/report_alignment_categorical_outcomes.png,278925,6edfee7041acb2d26cd275aa5cb94d124e9ca840594787e89a7a2d3b0cbcb44a
